farm_id,dekad,ndvi,cloud_cover_pct,precipitation_mm,temperature_c,lat,lon,area_m2
farm_choma,2024-11-1,0.2615189468235656,1.417779,49.61333333333333,22.543646408839777,-16.81282,26.98764,10000
farm_choma,2024-11-2,0.002495412594003189,29.997718,49.61333333333333,22.543646408839777,-16.81282,26.98764,10000
farm_choma,2024-11-3,0.3127608689238877,2.48387,49.61333333333333,22.543646408839777,-16.81282,26.98764,10000
farm_choma,2024-12-1,0.3096136474736144,10.00995,49.61333333333333,22.543646408839777,-16.81282,26.98764,10000
farm_choma,2024-12-2,0.33018264055855295,11.753118,49.61333333333333,22.543646408839777,-16.81282,26.98764,10000
farm_choma,2024-12-3,0.3533213489244645,15.909907,49.61333333333333,22.543646408839777,-16.81282,26.98764,10000
farm_choma,2025-01-3,0.45805690596337284,23.420762,49.61333333333333,22.543646408839777,-16.81282,26.98764,10000
farm_choma,2025-03-3,0.28439291986603604,4.953921,49.61333333333333,22.543646408839777,-16.81282,26.98764,10000
farm_choma,2025-04-1,0.37717391531764566,11.854902500000001,49.61333333333333,22.543646408839777,-16.81282,26.98764,10000
farm_choma,2025-05-1,0.4173354058319714,8.2938145,49.61333333333333,22.543646408839777,-16.81282,26.98764,10000
farm_choma,2025-05-2,0.4359100713163529,6.4688680000000005,49.61333333333333,22.543646408839777,-16.81282,26.98764,10000
farm_choma,2025-05-3,0.39624805054989326,2.667087,49.61333333333333,22.543646408839777,-16.81282,26.98764,10000
farm_choma,2025-06-1,0.04000717173005821,23.116486,49.61333333333333,22.543646408839777,-16.81282,26.98764,10000
farm_choma,2025-06-2,0.361183776422181,0.6889824999999999,49.61333333333333,22.543646408839777,-16.81282,26.98764,10000
farm_choma,2025-06-3,0.3483381613743953,0.0019175,49.61333333333333,22.543646408839777,-16.81282,26.98764,10000
farm_chozi,2024-12-2,0.6013636967997585,10.411738,95.05,20.019337016574585,-9.325765,32.681425,10000
farm_chozi,2025-02-1,0.6569544729217047,26.032797,95.05,20.019337016574585,-9.325765,32.681425,10000
farm_chozi,2025-02-2,0.651127265265471,17.594389,95.05,20.019337016574585,-9.325765,32.681425,10000
farm_chozi,2025-03-1,0.663974793300434,11.025786,95.05,20.019337016574585,-9.325765,32.681425,10000
farm_chozi,2025-03-3,0.4426922098742907,26.532748,95.05,20.019337016574585,-9.325765,32.681425,10000
farm_chozi,2025-04-1,0.2260585978374489,27.764434,95.05,20.019337016574585,-9.325765,32.681425,10000
farm_chozi,2025-04-2,0.6570021963699296,16.683766,95.05,20.019337016574585,-9.325765,32.681425,10000
farm_chozi,2025-05-2,0.5982589088397783,5.578528,95.05,20.019337016574585,-9.325765,32.681425,10000
farm_chozi,2025-05-3,0.5605145009044733,17.57250433333333,95.05,20.019337016574585,-9.325765,32.681425,10000
farm_chozi,2025-06-1,0.5065649639408282,5.988573333333332,95.05,20.019337016574585,-9.325765,32.681425,10000
farm_chozi,2025-06-2,0.45955096336206414,6.204102,95.05,20.019337016574585,-9.325765,32.681425,10000
farm_chozi,2025-06-3,0.4455670505639477,1.601627,95.05,20.019337016574585,-9.325765,32.681425,10000
farm_kafue,2024-11-1,0.44015242548971517,28.671864,60.323076923076925,24.348618784530384,-15.7691,28.1811,11000
farm_kafue,2024-11-2,0.5435979523113456,1.068646,60.323076923076925,24.348618784530384,-15.7691,28.1811,11000
farm_kafue,2024-12-1,0.5492169820386695,2.127372,60.323076923076925,24.348618784530384,-15.7691,28.1811,11000
farm_kafue,2024-12-2,0.3434660355208496,10.957395333333332,60.323076923076925,24.348618784530384,-15.7691,28.1811,11000
farm_kafue,2025-02-1,0.5541727702672465,2.582403,60.323076923076925,24.348618784530384,-15.7691,28.1811,11000
farm_kafue,2025-03-3,0.5399654369332357,9.184258333333332,60.323076923076925,24.348618784530384,-15.7691,28.1811,11000
farm_kafue,2025-04-1,0.5628234789748836,20.125441,60.323076923076925,24.348618784530384,-15.7691,28.1811,11000
farm_kafue,2025-04-3,0.5424178668798547,10.545486,60.323076923076925,24.348618784530384,-15.7691,28.1811,11000
farm_kafue,2025-05-1,0.5342874172982004,9.051221,60.323076923076925,24.348618784530384,-15.7691,28.1811,11000
farm_kafue,2025-05-2,0.5498118138816621,1.568266,60.323076923076925,24.348618784530384,-15.7691,28.1811,11000
farm_kafue,2025-06-1,0.5384267613361807,4.011372,60.323076923076925,24.348618784530384,-15.7691,28.1811,11000
farm_kafue,2025-06-2,0.50348831609725,2.0452185000000003,60.323076923076925,24.348618784530384,-15.7691,28.1811,11000
farm_kafue,2025-06-3,0.46858336932631833,0.6180813333333334,60.323076923076925,24.348618784530384,-15.7691,28.1811,11000
farm_kapiri,2024-11-1,0.3663589538821571,2.594486,57.66,22.714917127071825,-13.9897,28.6602,13000
farm_kapiri,2024-11-2,0.4304420674822795,2.733783,57.66,22.714917127071825,-13.9897,28.6602,13000
farm_kapiri,2024-11-3,0.44418638798401033,29.529104,57.66,22.714917127071825,-13.9897,28.6602,13000
farm_kapiri,2024-12-1,0.48408831182290285,5.105684,57.66,22.714917127071825,-13.9897,28.6602,13000
farm_kapiri,2024-12-3,0.5011042731446917,29.05454,57.66,22.714917127071825,-13.9897,28.6602,13000
farm_kapiri,2025-02-1,0.31164008208160787,20.852202,57.66,22.714917127071825,-13.9897,28.6602,13000
farm_kapiri,2025-03-2,0.517947873605802,8.320969,57.66,22.714917127071825,-13.9897,28.6602,13000
farm_kapiri,2025-03-3,0.688065542343101,11.762046,57.66,22.714917127071825,-13.9897,28.6602,13000
farm_kapiri,2025-04-1,0.6771710578106861,14.926414,57.66,22.714917127071825,-13.9897,28.6602,13000
farm_kapiri,2025-05-1,0.6433314754936702,0.807881,57.66,22.714917127071825,-13.9897,28.6602,13000
farm_kapiri,2025-05-2,0.6267916078409569,5.41788,57.66,22.714917127071825,-13.9897,28.6602,13000
farm_kapiri,2025-05-3,0.5614951662146064,20.466404500000003,57.66,22.714917127071825,-13.9897,28.6602,13000
farm_kapiri,2025-06-1,0.5633936974824857,0.5976363333333333,57.66,22.714917127071825,-13.9897,28.6602,13000
farm_kapiri,2025-06-2,0.5506140439368725,7.512783,57.66,22.714917127071825,-13.9897,28.6602,13000
farm_kapiri,2025-06-3,0.5238482132055368,0.9497633333333334,57.66,22.714917127071825,-13.9897,28.6602,13000
farm_kasumbalesa,2024-11-1,0.09979137555596529,21.147909,74.74666666666666,21.549171270718233,-12.1975,27.79778,12000
farm_kasumbalesa,2024-11-2,0.13036496661703698,13.4535735,74.74666666666666,21.549171270718233,-12.1975,27.79778,12000
farm_kasumbalesa,2024-11-3,0.13979020911136186,15.795675,74.74666666666666,21.549171270718233,-12.1975,27.79778,12000
farm_kasumbalesa,2024-12-1,0.15368179383313452,26.643434,74.74666666666666,21.549171270718233,-12.1975,27.79778,12000
farm_kasumbalesa,2024-12-2,0.18799392988246763,20.085856,74.74666666666666,21.549171270718233,-12.1975,27.79778,12000
farm_kasumbalesa,2024-12-3,0.19941127083975946,2.1921,74.74666666666666,21.549171270718233,-12.1975,27.79778,12000
farm_kasumbalesa,2025-03-3,0.15602782352068503,28.842723,74.74666666666666,21.549171270718233,-12.1975,27.79778,12000
farm_kasumbalesa,2025-04-2,0.005668622289936614,11.589484,74.74666666666666,21.549171270718233,-12.1975,27.79778,12000
farm_kasumbalesa,2025-04-3,0.17669871586389588,10.100003,74.74666666666666,21.549171270718233,-12.1975,27.79778,12000
farm_kasumbalesa,2025-05-1,0.1902330488969104,9.510094333333333,74.74666666666666,21.549171270718233,-12.1975,27.79778,12000
farm_kasumbalesa,2025-05-2,0.17924850935921366,4.610006666666667,74.74666666666666,21.549171270718233,-12.1975,27.79778,12000
farm_kasumbalesa,2025-05-3,0.16734475017746275,6.61154575,74.74666666666666,21.549171270718233,-12.1975,27.79778,12000
farm_kasumbalesa,2025-06-1,0.14680744744789087,0.145724,74.74666666666666,21.549171270718233,-12.1975,27.79778,12000
farm_kasumbalesa,2025-06-2,0.13375080161402528,0.7145976666666667,74.74666666666666,21.549171270718233,-12.1975,27.79778,12000
farm_kasumbalesa,2025-06-3,0.14027730850265255,0.005048,74.74666666666666,21.549171270718233,-12.1975,27.79778,12000
farm_mansa,2024-11-1,0.25142227032630093,3.874617,63.521428571428565,22.541988950276245,-11.1998,28.8943,9000
farm_mansa,2024-11-2,0.23932076635449298,2.149792,63.521428571428565,22.541988950276245,-11.1998,28.8943,9000
farm_mansa,2024-12-2,0.3310815372934205,18.06462075,63.521428571428565,22.541988950276245,-11.1998,28.8943,9000
farm_mansa,2024-12-3,0.3355564830403097,22.942446500000003,63.521428571428565,22.541988950276245,-11.1998,28.8943,9000
farm_mansa,2025-01-2,0.44809492111802146,28.765044,63.521428571428565,22.541988950276245,-11.1998,28.8943,9000
farm_mansa,2025-03-1,0.44612800939705954,20.728008,63.521428571428565,22.541988950276245,-11.1998,28.8943,9000
farm_mansa,2025-04-2,0.24530655675877344,29.779494,63.521428571428565,22.541988950276245,-11.1998,28.8943,9000
farm_mansa,2025-04-3,0.2239714192072255,26.380345,63.521428571428565,22.541988950276245,-11.1998,28.8943,9000
farm_mansa,2025-05-1,0.2963354106536063,15.855192,63.521428571428565,22.541988950276245,-11.1998,28.8943,9000
farm_mansa,2025-05-2,0.35281866131665907,1.0478775,63.521428571428565,22.541988950276245,-11.1998,28.8943,9000
farm_mansa,2025-05-3,0.31106263758548086,14.10650375,63.521428571428565,22.541988950276245,-11.1998,28.8943,9000
farm_mansa,2025-06-1,0.29524221938903644,0.022519499999999998,63.521428571428565,22.541988950276245,-11.1998,28.8943,9000
farm_mansa,2025-06-2,0.02019653400039479,23.313478,63.521428571428565,22.541988950276245,-11.1998,28.8943,9000
farm_mansa,2025-06-3,0.2449873356106629,0.1610053333333333,63.521428571428565,22.541988950276245,-11.1998,28.8943,9000
farm_mkushi,2024-11-1,0.36595024760482103,26.925927,66.86,22.706077348066298,-13.972706,29.60355,12000
farm_mkushi,2024-11-2,0.4273170263052247,10.489643,66.86,22.706077348066298,-13.972706,29.60355,12000
farm_mkushi,2024-12-1,0.5291248018887836,0.018537,66.86,22.706077348066298,-13.972706,29.60355,12000
farm_mkushi,2024-12-2,0.5568952162750523,13.107093500000001,66.86,22.706077348066298,-13.972706,29.60355,12000
farm_mkushi,2024-12-3,0.5960463557314567,17.097518,66.86,22.706077348066298,-13.972706,29.60355,12000
farm_mkushi,2025-03-3,0.5762796366893694,14.675984,66.86,22.706077348066298,-13.972706,29.60355,12000
farm_mkushi,2025-05-1,0.5975711647977731,0.104592,66.86,22.706077348066298,-13.972706,29.60355,12000
farm_mkushi,2025-06-1,0.5295578661902051,3.2663223333333335,66.86,22.706077348066298,-13.972706,29.60355,12000
farm_mkushi,2025-06-2,0.5248508750583265,1.714785,66.86,22.706077348066298,-13.972706,29.60355,12000
farm_mkushi,2025-06-3,0.4840457254019712,0.029572,66.86,22.706077348066298,-13.972706,29.60355,12000
farm_mumbwa,2024-11-1,0.3933983236784368,14.813638,48.11764705882353,23.502209944751378,-14.98293,27.0619,15000
farm_mumbwa,2024-11-2,0.5188915842452511,18.835168,48.11764705882353,23.502209944751378,-14.98293,27.0619,15000
farm_mumbwa,2024-11-3,0.5460693273259325,8.754806,48.11764705882353,23.502209944751378,-14.98293,27.0619,15000
farm_mumbwa,2024-12-1,0.5366894832539243,1.360102,48.11764705882353,23.502209944751378,-14.98293,27.0619,15000
farm_mumbwa,2024-12-2,0.5515987050091237,1.438048,48.11764705882353,23.502209944751378,-14.98293,27.0619,15000
farm_mumbwa,2024-12-3,0.5642284205769161,5.084455,48.11764705882353,23.502209944751378,-14.98293,27.0619,15000
farm_mumbwa,2025-02-1,0.5241552454981078,13.703572000000001,48.11764705882353,23.502209944751378,-14.98293,27.0619,15000
farm_mumbwa,2025-03-2,0.5534651788314898,7.883713,48.11764705882353,23.502209944751378,-14.98293,27.0619,15000
farm_mumbwa,2025-03-3,0.5394700389240558,12.513600666666667,48.11764705882353,23.502209944751378,-14.98293,27.0619,15000
farm_mumbwa,2025-04-1,0.5493049425038382,14.5222375,48.11764705882353,23.502209944751378,-14.98293,27.0619,15000
farm_mumbwa,2025-04-3,0.5343053326392937,6.664979,48.11764705882353,23.502209944751378,-14.98293,27.0619,15000
farm_mumbwa,2025-05-1,0.5220024763517039,2.2353514999999997,48.11764705882353,23.502209944751378,-14.98293,27.0619,15000
farm_mumbwa,2025-05-2,0.4689539957218194,0.17668566666666666,48.11764705882353,23.502209944751378,-14.98293,27.0619,15000
farm_mumbwa,2025-05-3,0.4390907597047387,6.0932275,48.11764705882353,23.502209944751378,-14.98293,27.0619,15000
farm_mumbwa,2025-06-1,0.3983327965810308,10.457054333333334,48.11764705882353,23.502209944751378,-14.98293,27.0619,15000
farm_mumbwa,2025-06-2,0.3403142669270566,4.669482,48.11764705882353,23.502209944751378,-14.98293,27.0619,15000
farm_mumbwa,2025-06-3,0.3639732691883481,0.03124025,48.11764705882353,23.502209944751378,-14.98293,27.0619,15000
farm_serenje,2024-12-1,0.37705076937186316,0.131844,82.30909090909091,21.914917127071824,-13.35,30.2,10000
farm_serenje,2024-12-2,0.38826536116894705,10.730904666666666,82.30909090909091,21.914917127071824,-13.35,30.2,10000
farm_serenje,2024-12-3,-0.0037683092631751215,11.117472,82.30909090909091,21.914917127071824,-13.35,30.2,10000
farm_serenje,2025-02-2,0.616521345307488,27.387306,82.30909090909091,21.914917127071824,-13.35,30.2,10000
farm_serenje,2025-03-3,0.39302733829878667,17.9597285,82.30909090909091,21.914917127071824,-13.35,30.2,10000
farm_serenje,2025-04-2,0.3379753586869923,9.811587,82.30909090909091,21.914917127071824,-13.35,30.2,10000
farm_serenje,2025-05-1,0.5260985736442119,6.322282,82.30909090909091,21.914917127071824,-13.35,30.2,10000
farm_serenje,2025-05-2,0.4762834132238699,18.529972,82.30909090909091,21.914917127071824,-13.35,30.2,10000
farm_serenje,2025-06-1,0.4657506808200944,5.999565666666666,82.30909090909091,21.914917127071824,-13.35,30.2,10000
farm_serenje,2025-06-2,0.46417258242849296,10.950279,82.30909090909091,21.914917127071824,-13.35,30.2,10000
farm_serenje,2025-06-3,0.435295749605527,0.7283056666666666,82.30909090909091,21.914917127071824,-13.35,30.2,10000
farm_tara,2024-11-1,0.16748965895644,1.417779,45.5,22.433149171270717,-16.95,26.7833,8000
farm_tara,2024-11-2,0.16949886551015683,29.997718,45.5,22.433149171270717,-16.95,26.7833,8000
farm_tara,2024-11-3,0.2961868132690157,2.48387,45.5,22.433149171270717,-16.95,26.7833,8000
farm_tara,2024-12-1,0.3103375637439858,10.00995,45.5,22.433149171270717,-16.95,26.7833,8000
farm_tara,2024-12-2,0.330208806046146,11.753118,45.5,22.433149171270717,-16.95,26.7833,8000
farm_tara,2024-12-3,0.43383519721285807,15.909907,45.5,22.433149171270717,-16.95,26.7833,8000
farm_tara,2025-01-3,0.41486371730291927,23.420762,45.5,22.433149171270717,-16.95,26.7833,8000
farm_tara,2025-03-3,0.6357652069127863,4.953921,45.5,22.433149171270717,-16.95,26.7833,8000
farm_tara,2025-04-1,0.4925386112259319,11.854902500000001,45.5,22.433149171270717,-16.95,26.7833,8000
farm_tara,2025-05-1,0.46290555297265,8.2938145,45.5,22.433149171270717,-16.95,26.7833,8000
farm_tara,2025-05-2,0.4418230441572,6.4688680000000005,45.5,22.433149171270717,-16.95,26.7833,8000
farm_tara,2025-05-3,0.3608915203264331,2.667087,45.5,22.433149171270717,-16.95,26.7833,8000
farm_tara,2025-06-1,0.15437494785717498,23.116486,45.5,22.433149171270717,-16.95,26.7833,8000
farm_tara,2025-06-2,0.2646480623136449,0.6889824999999999,45.5,22.433149171270717,-16.95,26.7833,8000
farm_tara,2025-06-3,0.2512358893450462,0.0019175,45.5,22.433149171270717,-16.95,26.7833,8000
